{
    "source_name": {
        "0": "Yahoo Entertainment",
        "1": "Business Insider",
        "2": "ABC News",
        "3": "NPR",
        "4": "Biztoc.com",
        "5": "BBC News",
        "6": "Time",
        "7": "Al Jazeera English",
        "8": "The New Republic",
        "9": "Forbes"
    },
    "sentiment_mean": {
        "0": -0.4503006690314838,
        "1": -0.5134290307760239,
        "2": -0.3834465946021833,
        "3": -0.2806192111968994,
        "4": -0.19495683649311896,
        "5": -0.22126429975032808,
        "6": -0.44631986869008916,
        "7": -0.4150163616452898,
        "8": -0.6976110447536815,
        "9": -0.19631526145068082
    },
    "sentiment_contents_mean": {
        "0": 0.30434890410729815,
        "1": -0.22257665544748306,
        "2": -0.15516169133939242,
        "3": -0.08888121366500855,
        "4": 0.3956263065338135,
        "5": -0.09536436498165131,
        "6": -0.17825783867585032,
        "7": -0.3692222961357662,
        "8": -0.47709138285030017,
        "9": -0.3253586238080805
    },
    "sentiment_description_mean": {
        "0": 0.3479874847190721,
        "1": -0.4252740405499935,
        "2": -0.3446485039434935,
        "3": -0.2846346616744995,
        "4": -0.26691737123157666,
        "5": -0.1671057254076004,
        "6": -0.42267640013443797,
        "7": -0.561748594045639,
        "8": -0.8169231468980963,
        "9": -0.38498906655745074
    },
    "article_count": {
        "0": 56,
        "1": 48,
        "2": 38,
        "3": 25,
        "4": 23,
        "5": 20,
        "6": 19,
        "7": 14,
        "8": 11,
        "9": 11
    },
    "average_sentiment": {
        "0": 0.06734523993162882,
        "1": -0.3870932422578335,
        "2": -0.2944189299616897,
        "3": -0.21804502884546917,
        "4": -0.02208263373029405,
        "5": -0.16124479671319325,
        "6": -0.34908470250012585,
        "7": -0.44866241727556505,
        "8": -0.6638751915006926,
        "9": -0.30222098393873736
    }
}